Average_correlation_pre,Average_correlation_post,Change
0.10222789433659013,0.08420865319664873,-0.018019241139941397
